No.,First author,Year,Full reference (Elsevier style),Surgical stage,Specialty,Method category,Validation type,CEBM evidence level,Verified (row-by-row)
1,Grieves,2017,"Grieves, M., Vickers, J., 2017. Digital twin: Mitigating unpredictable, undesirable emergent behavior in complex systems. In: Kahlen FJ, Flumerfelt S, Alves A, editors. Transdisciplinary. Perspectives. on Complex. Systems. https://doi.org/10.1007/978-3-319-38756-7_4",Methodology (cross-cutting),Cross-specialty,Review & framework,Review or conceptual (no primary data),N/A,Yes — 2026-07-29
2,Glaessgen,2012,"Glaessgen, E., Stargel, D., 2012. The digital twin paradigm for future NASA and U.S. Air Force vehicles. In: 53rd AIAA/ASME/ASCE/AHS/ASC Structures, Structural Dynamics and Materials Conference. https://doi.org/10.2514/6.2012-1818",Methodology (cross-cutting),Cross-specialty,Review & framework,Review or conceptual (no primary data),N/A,Yes — 2026-07-29
3,Tao,2019,"Tao, F., Zhang, H., Liu, A., Nee, A.Y.C., 2019. Digital twin in industry: State-of-the-art. IEEE Trans. Ind. Inform 15 (4), 2405-2415. https://doi.org/10.1109/TII.2018.2873186",Methodology (cross-cutting),Cross-specialty,Review & framework,Systematic review or meta-analysis,N/A,Yes — 2026-07-29
4,Tudor,2025,"Tudor, B.H., Shargo, R., Gray, G.M., et al., 2025. A scoping review of human digital twins in healthcare applications and usage patterns. NPJ. Digit. Med 8 (1), 587. https://doi.org/10.1038/s41746-025-01910-w",Cross-stage,Cross-specialty,Review & framework,Systematic review or meta-analysis,N/A,Yes — 2026-07-29
5,Sadée,2025,"Sadée, C., Testa, S., Barba, T., et al., 2025. Medical digital twins: enabling precision medicine and medical artificial intelligence. Lancet. Digit. Health 7 (7), 100864. https://doi.org/10.1016/j.landig.2025.02.004",Cross-stage,Cross-specialty,Review & framework,Review or conceptual (no primary data),N/A,Yes — 2026-07-29
6,Samei,2025,"Samei, E., 2025. The future of in silico trials and digital twins in medicine. PNAS. Nexus 4 (5), pgaf123. https://doi.org/10.1093/pnasnexus/pgaf123",Cross-stage,Cross-specialty,Standard & guidance,Review or conceptual (no primary data),N/A,Yes — 2026-07-29
7,Vallée,2025,"Vallée, A., 2025. Digital twins for cardiovascular diseases: towards personalised and sustainable care. Acta. Cardiol 80 (9), 1055-1062. https://doi.org/10.1080/00015385.2025.2569027",Cross-stage,Cardiothoracic surgery,Review & framework,Review or conceptual (no primary data),N/A,Yes — 2026-07-29
8,Thangaraj,2024,"Thangaraj, P.M., Benson, S.H., Oikonomou, E.K., Asselbergs, F.W., Khera, R., 2024. Cardiovascular care with digital twin technology in the era of generative artificial intelligence. Eur. Heart. J 45 (45), 4808-4821. https://doi.org/10.1093/eurheartj/ehae619",Cross-stage,Cardiothoracic surgery,Review & framework,Review or conceptual (no primary data),N/A,Yes — 2026-07-29
9,Cluitmans,2024,"Cluitmans, M.J.M., Plank, G., Heijman, J., 2024. Digital twins for cardiac electrophysiology: state of the art and future challenges. Herzschrittmacherther. Elektrophysiol 35 (2), 118-123. https://doi.org/10.1007/s00399-024-01014-0",Cross-stage,Cardiothoracic surgery,Review & framework,Review or conceptual (no primary data),N/A,Yes — 2026-07-29
10,Diniz,2025,"Diniz, P., Grimm, B., Garcia, F., et al., 2025. Digital twin systems for musculoskeletal applications: A current concepts review. Knee. Surg. Sports. Traumatol. Arthrosc 33 (5), 1892-1910. https://doi.org/10.1002/ksa.12627",Cross-stage,Orthopedic surgery,Review & framework,Systematic review or meta-analysis,N/A,Yes — 2026-07-29
11,Lomax,2025,"Lomax, N., Vinjamuri, S., Vinjamuri, S., Franco, D., Schroeder, G., Harrop, J., 2025. A Comprehensive Exploration of Digital Twinning in Spine Surgery. Clin. Spine. Surg 38 (5), 224-229. https://doi.org/10.1097/BSD.0000000000001748",Cross-stage,Neurosurgery & spine,Review & framework,Review or conceptual (no primary data),N/A,Yes — 2026-07-29
12,Seth,2024,"Seth, I., Lim, B., Lu, P.Y.J., et al., 2024. Digital Twins Use in Plastic Surgery: A Systematic Review. J. Clin. Med 13 (24). https://doi.org/10.3390/jcm13247861",Cross-stage,Cross-specialty,Review & framework,Systematic review or meta-analysis,N/A,Yes — 2026-07-29
13,Görtz,2025,"Görtz, M., Brandl, C., Nitschke, A., et al., 2025. Digital twins for personalized treatment in uro-oncology in the era of artificial intelligence. Nat. Rev. Urol. https://doi.org/10.1038/s41585-025-01096-6",Cross-stage,Cross-specialty,Review & framework,Review or conceptual (no primary data),N/A,Yes — 2026-07-29
14,Vallée,2024,"Vallée, A., 2024. Challenges and directions for digital twin implementation in otorhinolaryngology. Eur. Arch. Otorhinolaryngol 281 (11), 6155-6159. https://doi.org/10.1007/s00405-024-08662-5",Cross-stage,CMF & ENT,Review & framework,Review or conceptual (no primary data),N/A,Yes — 2026-07-29
15,John,2025,"John, A., Alhajj, R., Rokne, J., 2025. A systematic review of AI as a digital twin for prostate cancer care. Comput. Methods. Programs. Biomed 268, 108804. https://doi.org/10.1016/j.cmpb.2025.108804",Cross-stage,Cross-specialty,Review & framework,Systematic review or meta-analysis,N/A,Yes — 2026-07-29
16,Kyeremeh,2025,"Kyeremeh, J., Asciak, L., Blackmur, J.P., et al., 2025. Digital twins assisted surgery: A conceptual framework for transforming surgical training and navigation. Surgeon. https://doi.org/10.1016/j.surge.2025.09.007",Cross-stage,Cross-specialty,Review & framework,Review or conceptual (no primary data),N/A,Yes — 2026-07-29
17,Laubenbacher,2024,"Laubenbacher, R., Mehrad, M., Shmulevich, I., Trayanova, N., 2024. Digital twins in medicine. Nat. Comput. Sci 4 (3), 184-191. https://doi.org/10.1038/s43588-024-00607-6",Methodology (cross-cutting),Cross-specialty,Review & framework,Review or conceptual (no primary data),N/A,Yes — 2026-07-29
18,Masison,2021,"Masison, J., Beezley, J., Mei, Y., Ribeiro, H., Knapp, A.C., Sordo Vieira, L., et al., 2021. A modular computational framework for medical digital twins. Proc. Natl. Acad. Sci. USA 118 (20), e2024287118. https://doi.org/10.1073/pnas.2024287118",Methodology (cross-cutting),Cross-specialty,Review & framework,Engineering or technical validation,N/A,Yes — 2026-07-29
19,Chaparro-Cárdenas,2025,"Chaparro-Cárdenas, S.L., Ramirez-Bautista, J.A., Terven, J., et al., 2025. A Technological Review of Digital Twins and Artificial Intelligence for Personalized and Predictive Healthcare. Healthcare. (Basel) 13 (14). https://doi.org/10.3390/healthcare13141763",Cross-stage,Cross-specialty,Review & framework,Systematic review or meta-analysis,N/A,Yes — 2026-07-29
20,Niarakis,2022,"Niarakis, A., Laubenbacher, R., An, G., et al., 2022. Building digital twins of the human immune system: toward a roadmap. NPJ. Digit. Med 5, 92. https://doi.org/10.1038/s41746-022-00610-z",Cross-stage,Cross-specialty,Review & framework,Review or conceptual (no primary data),N/A,Yes — 2026-07-29
21,Page,2021,"Page, M.J., McKenzie, J.E., Bossuyt, P.M., Boutron, I., Hoffmann, T.C., Mulrow, C.D., et al., 2021. The PRISMA 2020 statement: an updated guideline for reporting systematic reviews. BMJ 372, n71. https://doi.org/10.1136/bmj.n71",Methodology (cross-cutting),Cross-specialty,Standard & guidance,Standard or guidance,N/A,Yes — 2026-07-29
22,Tricco,2018,"Tricco, A.C., Lillie, E., Zarin, W., O'Brien, K.K., Colquhoun, H., Levac, D., et al., 2018. PRISMA Extension for Scoping Reviews (PRISMA-ScR): Checklist and Explanation. Ann. Intern. Med 169 (7), 467-473. https://doi.org/10.7326/M18-0850",Methodology (cross-cutting),Cross-specialty,Standard & guidance,Standard or guidance,N/A,Yes — 2026-07-29
23,Shu,2023,"Shu, H., Liang, R., Li, Z., et al., 2023. Twin-S: a digital twin for skull base surgery. Int. J. Comput. Assist. Radiol. Surg 18 (6), 1077-1084. https://doi.org/10.1007/s11548-023-02863-9",Preoperative,CMF & ENT,"Navigation, robotics & XR",Retrospective clinical,IV,Yes — 2026-07-29
24,Ahmadian,2022,"Ahmadian, H., Mageswaran, P., Walter, B.A., et al., 2022. A digital twin for simulating the vertebroplasty procedure and its impact on mechanical stability of vertebra in cancer patients. Int. J. Numer. Method. Biomed. Eng 38 (6), e3600. https://doi.org/10.1002/cnm.3600",Preoperative,Neurosurgery & spine,Physics-based simulation,In silico only,V,Yes — 2026-07-29
25,Waight,2025,"Waight, M.C., Prakosa, A., Li, A.C., et al., 2025. Personalized Heart Digital Twins Detect Substrate Abnormalities in Scar-Dependent Ventricular Tachycardia. Circulation 151 (8), 521-533. https://doi.org/10.1161/CIRCULATIONAHA.124.070526",Preoperative,Cardiothoracic surgery,Physics-based simulation,Retrospective clinical,IV,Yes — 2026-07-29
26,Waight,2025,"Waight, M.C., Prakosa, A., Li, A.C., et al., 2025. Heart Digital Twins Predict Features of Invasive Reentrant Circuits and Ablation Lesions in Scar-Dependent Ventricular Tachycardia. Circ. Arrhythm. Electrophysiol 18 (8), e013660. https://doi.org/10.1161/CIRCEP.124.013660",Preoperative,Cardiothoracic surgery,Physics-based simulation,Retrospective clinical,IV,Yes — 2026-07-29
27,Bontempi,2025,"Bontempi, L., Zattoni, M., Ramella, A., et al., 2025. Idealized aortic annuloplasty FSI digital twin of 3D-printed phantoms with 4D-flow MRI comparison. Comput. Biol. Med 192 (Pt B), 110398. https://doi.org/10.1016/j.compbiomed.2025.110398",Preoperative,Cardiothoracic surgery,Physics-based simulation,"Bench, phantom, cadaver or preclinical",IV,Yes — 2026-07-29
28,Chandelon,2025,"Chandelon, K., Pitout, A., Souchaud, M., et al., 2025. Landmark-free automatic digital twin registration in robot-assisted partial nephrectomy using a generic end-to-end model. Int. J. Comput. Assist. Radiol. Surg 20 (9), 1931-1940. https://doi.org/10.1007/s11548-025-03473-3",Intraoperative,Cross-specialty,Registration & tracking,"Bench, phantom, cadaver or preclinical",IV,Yes — 2026-07-29
29,Mergen,2023,"Mergen, V., Ghouse, S., Sartoretti, T., et al., 2023. Cardiac Virtual Noncontrast Images for Calcium Quantification with Photon-counting Detector CT. Radiol. Cardiothorac. Imaging 5 (3), e220307. https://doi.org/10.1148/ryct.220307",Preoperative,Cardiothoracic surgery,Segmentation & reconstruction,Retrospective clinical,IV,Yes — 2026-07-29
30,Van Santvliet,2025,"Van Santvliet, L., Zappon, E., Gsell, M.A.F., et al., 2025. Integrating anatomy and electrophysiology in the healthy human heart: Insights from biventricular statistical shape analysis using universal coordinates. Comput. Biol. Med 192 (Pt A), 110230. https://doi.org/10.1016/j.compbiomed.2025.110230",Preoperative,Cardiothoracic surgery,Segmentation & reconstruction,Retrospective clinical,IV,Yes — 2026-07-29
31,Andrade,2025,"Andrade, R.J., Racapé, A., Hernández-Secorún, M., et al., 2025. Simultaneous measurement of tensile and shear elasticity and anisotropy in human skeletal muscle tissue using steered ultrasound shear waves. Acta. Biomater 199, 217-229. https://doi.org/10.1016/j.actbio.2025.05.010",Preoperative,Orthopedic surgery,Physics-based simulation,Engineering or technical validation,V,Yes — 2026-07-29
32,Neumann,2025,"Neumann, F., Grote, A., Gjorgjevski, M., et al., 2025. Intraoperative Computed Tomography, Ultrasound, and Augmented Reality in Mesial Temporal Lobe Epilepsy Surgery-A Retrospective Cohort Study. Sensors. (Basel) 25 (17). https://doi.org/10.3390/s25175301",Intraoperative,Neurosurgery & spine,"Navigation, robotics & XR",Retrospective clinical,IV,Yes — 2026-07-29
33,Quang,2022,"Quang, T.T., Wei, C.F., Walsh, S.A., Papay, F.A., Liu, Y., 2022. Real-time tissue perfusion assessment using fluorescence imaging topography scanning system: A preclinical investigation. Lasers. Surg. Med 54 (7), 994-1001. https://doi.org/10.1002/lsm.23560",Intraoperative,Cross-specialty,"Navigation, robotics & XR","Bench, phantom, cadaver or preclinical",IV,Yes — 2026-07-29
34,Gierse,2024,"Gierse, J., Mandelka, E., Medrow, A., et al., 2024. Comparison of iCT-based navigation and fluoroscopic-guidance for atlantoaxial screw placement in 78 patients with traumatic cervical spine injuries. Eur. Spine. J 33 (6), 2304-2313. https://doi.org/10.1007/s00586-024-08232-7",Intraoperative,Neurosurgery & spine,"Navigation, robotics & XR",Retrospective clinical,IV,Yes — 2026-07-29
35,Osminin,2024,"Osminin, S.V., Vetshev, F.P., Bilyalov, I.R., et al., 2024. [Fluorescence navigation and angiography with indocyanine green in stomach cancer surgery]. Khirurgiia (Mosk). (2. Vyp. 2):34-41. https://doi.org/10.17116/hirurgia202402234",Intraoperative,Cross-specialty,"Navigation, robotics & XR",Retrospective clinical,IV,Yes — 2026-07-29
36,Isensee,2021,"Isensee, F., Jaeger, P.F., Kohl, S.A.A., Petersen, J., Maier-Hein, K.H., 2021. nnU-Net: a self-configuring method for deep learning-based biomedical image segmentation. Nat. Methods 18 (2), 203-211. https://doi.org/10.1038/s41592-020-01008-z",Preoperative,Cross-specialty,Segmentation & reconstruction,Public benchmark or resource,N/A,Yes — 2026-07-29
37,Hatamizadeh,2022,"Hatamizadeh, A., Nath, V., Tang, Y., Yang, D., Roth, H.R., Xu, D., 2022. Swin UNETR: Swin Transformers for Semantic Segmentation of Brain Tumors in MRI Images. In: Brainlesion: Glioma, Multiple Sclerosis, Stroke and Traumatic Brain Injuries. Lecture Notes in Computer Science, vol 12962. Springer, 272-284. https://doi.org/10.1007/978-3-031-08999-2_22",Preoperative,Neurosurgery & spine,Segmentation & reconstruction,Public benchmark or resource,N/A,Yes — 2026-07-29
38,Ma,2024,"Ma, J., He, Y., Li, F., Han, L., You, C., Wang, B., 2024. Segment anything in medical images. Nat. Commun 15 (1), 654. https://doi.org/10.1038/s41467-024-44824-z",Preoperative,Cross-specialty,Segmentation & reconstruction,Public benchmark or resource,N/A,Yes — 2026-07-29
39,Wasserthal,2023,"Wasserthal, J., Breit, H.C., Meyer, M.T., Pradella, M., Hinck, D., Sauter, A.W., et al., 2023. TotalSegmentator: Robust Segmentation of 104 Anatomic Structures in CT Images. Radiol. Artif. Intell 5 (5), e230024. https://doi.org/10.1148/ryai.230024",Preoperative,Cross-specialty,Segmentation & reconstruction,Public benchmark or resource,N/A,Yes — 2026-07-29
40,Bernard,2018,"Bernard, O., Lalande, A., Zotti, C., Cervenansky, F., Yang, X., Heng, P.A., et al., 2018. Deep Learning Techniques for Automatic MRI Cardiac Multi-Structures Segmentation and Diagnosis: Is the Problem Solved?. IEEE Trans. Med. Imaging 37 (11), 2514-2525. https://doi.org/10.1109/TMI.2018.2837502",Preoperative,Cardiothoracic surgery,Dataset & benchmark,Public benchmark or resource,N/A,Yes — 2026-07-29
41,Zhuang,2016,"Zhuang, X., Shen, J., 2016. Multi-scale patch and multi-modality atlases for whole heart segmentation of MRI. Med. Image. Anal 31, 77-87. https://doi.org/10.1016/j.media.2016.04.006",Preoperative,Cardiothoracic surgery,Dataset & benchmark,Public benchmark or resource,N/A,Yes — 2026-07-29
42,Campello,2021,"Campello, V.M., Gkontra, P., Izquierdo, C., Martin-Isla, C., Sojoudi, A., Full, P.M., et al., 2021. Multi-centre, multi-vendor and multi-disease cardiac segmentation: the M&Ms challenge. IEEE Trans. Med. Imaging 40 (12), 3543-3554. https://doi.org/10.1109/TMI.2021.3090082",Preoperative,Cardiothoracic surgery,Dataset & benchmark,Public benchmark or resource,N/A,Yes — 2026-07-29
43,Li,2022,"Li, L., Zimmer, V.A., Schnabel, J.A., Zhuang, X., 2022. Medical image analysis on left atrial LGE MRI for atrial fibrillation studies: A review. Med. Image. Anal 77, 102360. https://doi.org/10.1016/j.media.2022.102360",Preoperative,Cardiothoracic surgery,Segmentation & reconstruction,Systematic review or meta-analysis,N/A,Yes — 2026-07-29
44,Kirillov,2023,"Kirillov, A., Mintun, E., Ravi, N., Mao, H., Rolland, C., Gustafson, L., et al., 2023. Segment Anything. In: 2023 IEEE/CVF International Conference on Computer Vision (ICCV). https://doi.org/10.1109/ICCV51070.2023.00371",Preoperative,Cross-specialty,Segmentation & reconstruction,Public benchmark or resource,N/A,Yes — 2026-07-29
45,Wang,2023,"Wang, H., Guo, S., Ye, J., Deng, Z., Cheng, J., Li, T., et al., 2023. SAM-Med3D. ArXiv. arXiv:2310.15161.",Preoperative,Cross-specialty,Segmentation & reconstruction,Public benchmark or resource,N/A,Yes — 2026-07-29
46,He,2024,"He, Y., Guo, P., Tang, Y., et al., 2024. VISTA3D: Versatile Imaging SegmenTation and Annotation Model for 3D Computed Tomography. ArXiv. arXiv:2406.05285.",Preoperative,Cross-specialty,Segmentation & reconstruction,Public benchmark or resource,N/A,Yes — 2026-07-29
47,Du,2024,"Du, Y., Bai, F., Huang, Y., et al., 2024. SegVol: Universal and Interactive Volumetric Medical Image Segmentation. In: Advances in Neural Information Processing Systems 36 (NeurIPS). https://doi.org/10.52202/079017-3516",Preoperative,Cross-specialty,Segmentation & reconstruction,Public benchmark or resource,N/A,Yes — 2026-07-29
48,Zhu,2025,"Zhu, Z., Zhou, Y., Chen, Y., Peng, Y., Chen, M., Feng, Y., 2025. High-Fidelity MicroCT Reconstructions of Cardiac Devices Enable Patient-Specific Simulation for Structural Heart Interventions. J. Clin. Med 14 (20). https://doi.org/10.3390/jcm14207341",Preoperative,Cardiothoracic surgery,Segmentation & reconstruction,"Bench, phantom, cadaver or preclinical",IV,Yes — 2026-07-29
49,Fitzpatrick,2001,"Fitzpatrick, J.M., West, J.B., 2001. The distribution of target registration error in rigid-body point-based registration. IEEE Trans. Med. Imaging 20 (9), 917-927. https://doi.org/10.1109/42.952729",Methodology (cross-cutting),Cross-specialty,Registration & tracking,Review or conceptual (no primary data),N/A,Yes — 2026-07-29
50,Chen,2025,"Chen, X., Huang, X., Zhang, G., Yang, B., He, Z., Xu, W., 2025. Validation of single dynamic 3D structured light in precise pedicle puncture navigation. BMC. Surg. https://doi.org/10.1186/s12893-025-03408-4",Intraoperative,Neurosurgery & spine,"Navigation, robotics & XR",Prospective clinical,IV,Yes — 2026-07-29
51,Gerard,2017,"Gerard, I.J., Kersten-Oertel, M., Petrecca, K., Sirhan, D., Hall, J.A., Collins, D.L., 2017. Brain shift in neuronavigation of brain tumors: A review. Med. Image. Anal 35, 403-420. https://doi.org/10.1016/j.media.2016.08.007",Intraoperative,Neurosurgery & spine,Registration & tracking,Systematic review or meta-analysis,N/A,Yes — 2026-07-29
52,Rivaz,2015,"Rivaz, H., Chen, S.J.S., Collins, D.L., 2015. Automatic deformable MR-ultrasound registration for image-guided neurosurgery. IEEE Trans. Med. Imaging 34 (2), 366-380. https://doi.org/10.1109/TMI.2014.2354352",Intraoperative,Neurosurgery & spine,Registration & tracking,Retrospective clinical,IV,Yes — 2026-07-29
53,Balakrishnan,2019,"Balakrishnan, G., Zhao, A., Sabuncu, M.R., Guttag, J., Dalca, A.V., 2019. VoxelMorph: A Learning Framework for Deformable Medical Image Registration. IEEE Trans. Med. Imaging 38 (8), 1788-1800. https://doi.org/10.1109/TMI.2019.2897538",Cross-stage,Cross-specialty,Registration & tracking,Public benchmark or resource,N/A,Yes — 2026-07-29
54,Hoffmann,2022,"Hoffmann, M., Billot, B., Greve, D.N., Iglesias, J.E., Fischl, B., Dalca, A.V., 2022. SynthMorph: learning contrast-invariant registration without acquired images. IEEE Trans. Med. Imaging 41 (3), 543-558. https://doi.org/10.1109/TMI.2021.3116879",Cross-stage,Cross-specialty,Registration & tracking,Public benchmark or resource,N/A,Yes — 2026-07-29
55,Wein,2008,"Wein, W., Brunke, S., Khamene, A., Callstrom, M.R., Navab, N., 2008. Automatic CT-ultrasound registration for diagnostic imaging and image-guided intervention. Med. Image. Anal 12 (5), 577-585. https://doi.org/10.1016/j.media.2008.06.006",Intraoperative,Cross-specialty,Registration & tracking,"Bench, phantom, cadaver or preclinical",IV,Yes — 2026-07-29
56,Mangulabnan,2024,"Mangulabnan, J.E., Soberanis-Mukul, R.D., Teufel, T., et al., 2024. An endoscopic chisel: intraoperative imaging carves 3D anatomical models. Int. J. Comput. Assist. Radiol. Surg 19 (7), 1359-1366. https://doi.org/10.1007/s11548-024-03151-w",Intraoperative,Cross-specialty,"Navigation, robotics & XR","Bench, phantom, cadaver or preclinical",IV,Yes — 2026-07-29
57,Bamba,2021,"Bamba, Y., Ogawa, S., Itabashi, M., et al., 2021. Object and anatomical feature recognition in surgical video images based on a convolutional neural network. Int. J. Comput. Assist. Radiol. Surg 16 (11), 2045-2054. https://doi.org/10.1007/s11548-021-02434-w",Intraoperative,Cross-specialty,Data-driven & ML,Retrospective clinical,IV,Yes — 2026-07-29
58,Tapias Gomez,2025,"Tapias Gomez, J., Nadkarni, N., Bosma, L.S., et al., 2025. Modality-agnostic, patient-specific digital twins modeling temporally varying digestive motion. Phys. Med. Biol. https://doi.org/10.1088/1361-6560/ae2b46",Preoperative,Cross-specialty,Physics-based simulation,Retrospective clinical,IV,Yes — 2026-07-29
59,Maas,2012,"Maas, S.A., Ellis, B.J., Ateshian, G.A., Weiss, J.A., 2012. FEBio: finite elements for biomechanics. J. Biomech. Eng 134 (1), 011005. https://doi.org/10.1115/1.4005694",Methodology (cross-cutting),Cross-specialty,Physics-based simulation,Engineering or technical validation,N/A,Yes — 2026-07-29
60,Delp,2007,"Delp, S.L., Anderson, F.C., Arnold, A.S., Loan, P., Habib, A., John, C.T., Guendelman, E., Thelen, D.G., 2007. OpenSim: open-source software to create and analyze dynamic simulations of movement. IEEE Trans. Biomed. Eng 54 (11), 1940-1950. https://doi.org/10.1109/TBME.2007.901024",Methodology (cross-cutting),Orthopedic surgery,Physics-based simulation,Engineering or technical validation,N/A,Yes — 2026-07-29
61,Demir,2023,"Demir, O., Uslan, I., Buyuk, M., Salamci, M.U., 2023. Development and validation of a digital twin of the human lower jaw under impact loading by using non-linear finite element analyses. J. Mech. Behav. Biomed. Mater 148, 106207. https://doi.org/10.1016/j.jmbbm.2023.106207",Preoperative,CMF & ENT,Physics-based simulation,"Bench, phantom, cadaver or preclinical",IV,Yes — 2026-07-29
62,Andres,2025,"Andres, A., Roland, M., Wickert, K., et al., 2025. Advantages of digital twin technology in orthopedic trauma Surgery - Exploring different clinical use cases. Sci. Rep 15 (1), 19987. https://doi.org/10.1038/s41598-025-04792-w",Cross-stage,Orthopedic surgery,Physics-based simulation,Retrospective clinical,IV,Yes — 2026-07-29
63,Aubert,2021,"Aubert, K., Germaneau, A., Rochette, M., et al., 2021. Development of Digital Twins to Optimize Trauma Surgery and Postoperative Management. A Case Study Focusing on Tibial Plateau Fracture. Front. Bioeng. Biotechnol 9, 722275. https://doi.org/10.3389/fbioe.2021.722275",Cross-stage,Orthopedic surgery,Physics-based simulation,Retrospective clinical,IV,Yes — 2026-07-29
64,Updegrove,2017,"Updegrove, A., Wilson, N.M., Merkow, J., Lan, H., Marsden, A.L., Shadden, S.C., 2017. SimVascular: An Open Source Pipeline for Cardiovascular Simulation. Ann. Biomed. Eng 45 (3), 525-541. https://doi.org/10.1007/s10439-016-1762-8",Methodology (cross-cutting),Cardiothoracic surgery,Physics-based simulation,Engineering or technical validation,N/A,Yes — 2026-07-29
65,Ahmed,2021,"Ahmed, Y., Tossas-Betancourt, C., van Bakel, P.A.J., et al., 2021. Interventional Planning for Endovascular Revision of a Lateral Tunnel Fontan: A Patient-Specific Computational Analysis. Front. Physiol 12, 718254. https://doi.org/10.3389/fphys.2021.718254",Preoperative,Cardiothoracic surgery,Physics-based simulation,Retrospective clinical,IV,Yes — 2026-07-29
66,Dubs,2023,"Dubs, L., Charitatos, V., Buoso, S., et al., 2023. Assessment of extracranial carotid artery disease using digital twins - A pilot study. Neuroimage. Clin 38, 103435. https://doi.org/10.1016/j.nicl.2023.103435",Preoperative,Cardiothoracic surgery,Physics-based simulation,Prospective clinical,IV,Yes — 2026-07-29
67,Plank,2021,"Plank, G., Loewe, A., Neic, A., Augustin, C., Huang, Y.L., Gsell, M.A.F., Karabelas, E., Nothstein, M., Prassl, A.J., Sánchez, J., Seemann, G., Vigmond, E.J., 2021. The openCARP simulation environment for cardiac electrophysiology. Comput. Methods. Programs. Biomed 208, 106223. https://doi.org/10.1016/j.cmpb.2021.106223",Methodology (cross-cutting),Cardiothoracic surgery,Physics-based simulation,Engineering or technical validation,N/A,Yes — 2026-07-29
68,Gillette,2021,"Gillette, K., Gsell, M.A.F., Prassl, A.J., et al., 2021. A Framework for the generation of digital twins of cardiac electrophysiology from clinical 12-leads ECGs. Med. Image. Anal 71, 102080. https://doi.org/10.1016/j.media.2021.102080",Preoperative,Cardiothoracic surgery,Physics-based simulation,Retrospective clinical,IV,Yes — 2026-07-29
69,Camps,2024,"Camps, J., Wang, Z.J., Doste, R., et al., 2024. Harnessing 12-lead ECG and MRI data to personalise repolarisation profiles in cardiac digital twin models for enhanced virtual drug testing. Med. Image. Anal 100, 103361. https://doi.org/10.1016/j.media.2024.103361",Preoperative,Cardiothoracic surgery,Data assimilation & control,Retrospective clinical,IV,Yes — 2026-07-29
70,Zappon,2026,"Zappon, E., Azzolin, L., Gsell, M.A.F., et al., 2026. An efficient end-to-end computational framework for the generation of ECG calibrated volumetric models of human atrial electrophysiology. Med. Image. Anal 107 (Pt B), 103822. https://doi.org/10.1016/j.media.2025.103822",Preoperative,Cardiothoracic surgery,Physics-based simulation,Retrospective clinical,IV,Yes — 2026-07-29
71,Álvarez-Barrientos,2025,"Álvarez-Barrientos, F., Salinas-Camus, M., Pezzuto, S., Sahli Costabal, F., 2025. Probabilistic learning of the Purkinje network from the electrocardiogram. Med. Image. Anal 101, 103460. https://doi.org/10.1016/j.media.2025.103460",Preoperative,Cardiothoracic surgery,Data assimilation & control,Retrospective clinical,IV,Yes — 2026-07-29
72,Kapteyn,2026,"Kapteyn, M., Chaudhuri, A., Lima, E.A.B.F., et al., 2026. TumorTwin: a Python framework for patient-specific digital twins in oncology. BMC. Med. Inform. Decis. Mak 26 (1). https://doi.org/10.1186/s12911-026-03520-2",Preoperative,Cross-specialty,Physics-based simulation,In silico only,V,Yes — 2026-07-29
73,Wu,2022,"Wu, C., Lorenzo, G., Hormuth, D.A. 2nd, et al., 2022. Integrating mechanism-based modeling with biomedical imaging to build practical digital twins for clinical oncology. Biophys. Rev. (Melville) 3 (2), 021304. https://doi.org/10.1063/5.0086789",Preoperative,Cross-specialty,Review & framework,Review or conceptual (no primary data),N/A,Yes — 2026-07-29
74,Christenson,2024,"Christenson, C., Wu, C., Hormuth, D.A. 2nd, et al., 2024. Fast model calibration for predicting the response of breast cancer to chemotherapy using proper orthogonal decomposition. J Comput Sci. 82. https://doi.org/10.1016/j.jocs.2024.102400",Preoperative,Cross-specialty,Data-driven & ML,In silico only,V,Yes — 2026-07-29
75,Biasi,2024,"Biasi, N., Seghetti, P., Parollo, M., Zucchelli, G., Tognetti, A., 2024. A Matlab Toolbox for cardiac electrophysiology simulations on patient-specific geometries. Comput. Biol. Med 185, 109529. https://doi.org/10.1016/j.compbiomed.2024.109529",Preoperative,Cardiothoracic surgery,Physics-based simulation,In silico only,V,Yes — 2026-07-29
76,Hennessy,2023,"Hennessy, N., Simms, C., 2023. Skeletal muscle extracellular matrix structure under applied deformation observed using second harmonic generation microscopy. Acta. Biomater 172, 135-146. https://doi.org/10.1016/j.actbio.2023.09.047",Preoperative,Orthopedic surgery,Physics-based simulation,"Bench, phantom, cadaver or preclinical",V,Yes — 2026-07-29
77,Wheatley,2025,"Wheatley, B.B., Bhuiyan, M.U., Lorza, S.S., Moerman, K.M., Rohan, P.Y., 2025. A biphasic microstructural model of skeletal muscle to study structure-function mechanisms under multiaxial tensile and compressive conditions. Acta. Biomater 205, 491-504. https://doi.org/10.1016/j.actbio.2025.08.049",Preoperative,Orthopedic surgery,Physics-based simulation,"Bench, phantom, cadaver or preclinical",V,Yes — 2026-07-29
78,Liu,2022,"Liu, F., Wang, M., Ma, Y., 2022. Multiscale modeling of skeletal muscle to explore its passive mechanical properties and experiments verification. Math. Biosci. Eng 19 (2), 1251-1279. https://doi.org/10.3934/mbe.2022058",Preoperative,Orthopedic surgery,Physics-based simulation,"Bench, phantom, cadaver or preclinical",V,Yes — 2026-07-29
79,Evensen,2009,"Evensen, G., 2009. Data Assimilation: The Ensemble Kalman Filter. 2nd. ed. https://doi.org/10.1007/978-3-642-03711-5",Methodology (cross-cutting),Cross-specialty,Data assimilation & control,Standard or guidance,N/A,Yes — 2026-07-29
80,Peloso,2025,"Peloso, A., Santoro, M., Votta, E., Momi, E., 2025. A Novel Strain-based Dynamic Left Ventricle Model for Surgical Planning and Training. Annu. Int. Conf. IEEE Eng. Med. Biol. Soc. https://doi.org/10.1109/EMBC58623.2025.11254306",Preoperative,Cardiothoracic surgery,Physics-based simulation,In silico only,V,Yes — 2026-07-29
81,Raissi,2019,"Raissi, M., Perdikaris, P., Karniadakis, G.E., 2019. Physics-informed neural networks: A deep learning framework for solving forward and inverse problems involving nonlinear partial differential equations. J. Comput. Phys 378, 686-707. https://doi.org/10.1016/j.jcp.2018.10.045",Methodology (cross-cutting),Cross-specialty,Data-driven & ML,Public benchmark or resource,N/A,Yes — 2026-07-29
82,Böttcher,2025,"Böttcher, L., Fonseca, L.L., Laubenbacher, R.C., 2025. Control of medical digital twins with artificial neural networks. Philos. Trans. A. Math. Phys. Eng. Sci 383 (2292), 20240228. https://doi.org/10.1098/rsta.2024.0228",Methodology (cross-cutting),Cross-specialty,Data assimilation & control,In silico only,V,Yes — 2026-07-29
83,Camacho,2007,"Camacho, E.F., Bordons, C., 2007. Model Predictive Control. 2nd. ed. https://doi.org/10.1007/978-0-85729-398-5",Methodology (cross-cutting),Cross-specialty,Data assimilation & control,Standard or guidance,N/A,Yes — 2026-07-29
84,Zea-Vera,2023,"Zea-Vera, R., Ryan, C.T., Navarro, S.M., et al., 2023. Development of a Machine Learning Model to Predict Outcomes and Cost After Cardiac Surgery. Ann. Thorac. Surg 115 (6), 1533-1542. https://doi.org/10.1016/j.athoracsur.2022.06.055",Postoperative,Cardiothoracic surgery,Data-driven & ML,Retrospective clinical,IV,Yes — 2026-07-29
85,Qian,2025,"Qian, Q., Wu, J., Xu, Z., et al., 2025. Orthopedic perioperative nursing under navigation nurse management: Machine learning-based risk prediction models for postoperative recovery quality and explainable artificial intelligence analysis. Medicine. (Baltimore) 104 (46), e46015. https://doi.org/10.1097/MD.0000000000046015",Postoperative,Orthopedic surgery,Data-driven & ML,Retrospective clinical,IV,Yes — 2026-07-29
86,Huang,2025,"Huang, J., Wang, P.L., Xiao, J.Z., et al., 2025. Development and validation of a predictive model for acute postoperative pain after thoracoscopic lobectomy in patients with NSCLC: a multicenter retrospective study. Int. J. Surg. https://doi.org/10.1097/JS9.0000000000003925",Postoperative,Cardiothoracic surgery,Data-driven & ML,Retrospective clinical,IV,Yes — 2026-07-29
87,Li,2021,"Li, Z., Kovachki, N., Azizzadenesheli, K., Liu, B., Bhattacharya, K., Stuart, A., Anandkumar, A., 2021. Fourier Neural Operator for Parametric Partial Differential Equations. In: International Conference on Learning Representations (ICLR). arXiv:2010.08895.",Methodology (cross-cutting),Cross-specialty,Data-driven & ML,Public benchmark or resource,N/A,Yes — 2026-07-29
88,Lu,2021,"Lu, L., Jin, P., Pang, G., Zhang, Z., Karniadakis, G.E., 2021. Learning nonlinear operators via DeepONet based on the universal approximation theorem of operators. Nat. Mach. Intell 3 (3), 218-229. https://doi.org/10.1038/s42256-021-00302-5",Methodology (cross-cutting),Cross-specialty,Data-driven & ML,Public benchmark or resource,N/A,Yes — 2026-07-29
89,Cremese,2025,"Cremese, R., Godard, C., Bénichou, A., et al., 2025. Virtual reality-augmented differentiable simulations for digital twin applications in surgical planning. Sci. Rep 15 (1), 24377. https://doi.org/10.1038/s41598-025-99608-2",Preoperative,Neurosurgery & spine,Physics-based simulation,In silico only,V,Yes — 2026-07-29
90,Zalepugas,2025,"Zalepugas, D., Buermann, J., Senkel, S., et al., 2025. The potential of Real-Time rendered-volume 3D Imaging in immersive virtual-reality (VR) for surgical planning in infants with congenital thoracic malformation (CTM). Comput. Struct. Biotechnol. J 28, 480-486. https://doi.org/10.1016/j.csbj.2025.11.005",Preoperative,Cardiothoracic surgery,"Navigation, robotics & XR",Retrospective clinical,IV,Yes — 2026-07-29
91,Falkowski,2023,"Falkowski, P., Osiak, T., Wilk, J., et al., 2023. Study on the Applicability of Digital Twins for Home Remote Motor Rehabilitation. Sensors. (Basel) 23 (2). https://doi.org/10.3390/s23020911",Postoperative,Orthopedic surgery,"Navigation, robotics & XR",Engineering or technical validation,IV,Yes — 2026-07-29
92,Lloyd,2023,"Lloyd, D.G., Saxby, D.J., Pizzolato, C., et al., 2023. Maintaining soldier musculoskeletal health using personalised digital humans, wearables and/or computer vision. J. Sci. Med. Sport 26, S30-S39. https://doi.org/10.1016/j.jsams.2023.04.001",Postoperative,Orthopedic surgery,Data-driven & ML,Prospective clinical,IV,Yes — 2026-07-29
93,Wu,2025,"Wu, J., Xu, Y., Zhang, C., et al., 2025. Development and validation of a predictive model for perioperative low-density lipoprotein as a risk factor for postoperative cerebral infarction in Moyamoya disease. Front. Neurol 16, 1602006. https://doi.org/10.3389/fneur.2025.1602006",Postoperative,Neurosurgery & spine,Data-driven & ML,Retrospective clinical,IV,Yes — 2026-07-29
94,La Barbera,2021,"La Barbera, L., Larson, A.N., Aubin, C.E., 2021. Correction objectives have higher impact than screw pattern and density on the optimal 3D correction of thoracic AIS: a biomechanical study. Spine. Deform 9 (3), 655-664. https://doi.org/10.1007/s43390-020-00275-2",Preoperative,Orthopedic surgery,Physics-based simulation,In silico only,V,Yes — 2026-07-29
95,Howick,2011,"Howick, J., Chalmers, I., Glasziou, P., Greenhalgh, T, Heneghan, C., Liberati, A., et al., 2011. The Oxford 2011 Levels of Evidence. Oxford Centre for Evidence-Based Medicine.",Methodology (cross-cutting),Cross-specialty,Standard & guidance,Standard or guidance,N/A,Yes — 2026-07-29
96,Pan,2024,"Pan, X.G., Corpuz, A.M., Rajanna, M.R., Johnson, E.L., 2024. Parameterization, algorithmic modeling, and fluid-structure interaction analysis for generative design of transcatheter aortic valves. Eng. Comput 40 (6), 3405-3427. https://doi.org/10.1007/s00366-024-01973-5",Preoperative,Cardiothoracic surgery,Physics-based simulation,In silico only,V,Yes — 2026-07-29
97,Fang,2025,"Fang, H., Su, S., Zhang, L., et al., 2025. Effects of different valve-in-valve positions on the hydrodynamic properties of transcatheter aortic valves. Comput. Biol. Med 191, 110106. https://doi.org/10.1016/j.compbiomed.2025.110106",Preoperative,Cardiothoracic surgery,Physics-based simulation,In silico only,V,Yes — 2026-07-29
98,Baroni,2025,"Baroni, S., Oliviero, S., Viceconti, M., Curreli, C., 2025. In Silico Model for Aseptic Loosening Prediction in Cementless Hip Stems: A Design of Experiments. J. Biomech. Eng 147 (12). https://doi.org/10.1115/1.4070009",Preoperative,Orthopedic surgery,Physics-based simulation,In silico only,V,Yes — 2026-07-29
99,Huang,2025,"Huang, L., Li, H., Yau, V., Luo, E., 2025. Mixed reality-assisted orthognathic surgery with pre-bent titanium plates. Int. J. Oral. Maxillofac. Surg. https://doi.org/10.1016/j.ijom.2025.08.012",Intraoperative,CMF & ENT,"Navigation, robotics & XR",Retrospective clinical,IV,Yes — 2026-07-29
100,Shin,2012,"Shin, B.J., James, A.R., Njoku, I.U., Härtl, R., 2012. Pedicle screw navigation: a systematic review and meta-analysis of perforation risk for computer-navigated versus freehand insertion. J. Neurosurg. Spine 17 (2), 113-122. https://doi.org/10.3171/2012.5.SPINE11399",Intraoperative,Neurosurgery & spine,"Navigation, robotics & XR",Systematic review or meta-analysis,III,Yes — 2026-07-29
101,Papalia,2024,"Papalia, G.F., Vadalà, G., Russo, F., et al., 2024. Higher Accuracy and Better Clinical Outcomes in Navigated Thoraco-Lumbar Pedicle Screw Fixation Versus Conventional Techniques : A Systematic Review and Meta-Analysis. Spine. (Phila Pa. 1976) 49 (19), 1370-1380. https://doi.org/10.1097/BRS.0000000000005105",Intraoperative,Neurosurgery & spine,"Navigation, robotics & XR",Systematic review or meta-analysis,III,Yes — 2026-07-29
102,Lee,2025,"Lee, Y.K., Yoon, E.J., Kim, T.H., Kim, J.I., Kim, J.H., 2025. Musculoskeletal Digital Therapeutics and Digital Health Rehabilitation: A Global Paradigm Shift in Orthopedic Care. J. Clin. Med 14 (23). https://doi.org/10.3390/jcm14238467",Postoperative,Orthopedic surgery,Review & framework,Review or conceptual (no primary data),N/A,Yes — 2026-07-29
103,Li,2024,"Li, C., Wang, T., Zhou, S., et al., 2024. Deep Learning Model Coupling Wearable Bioelectric and Mechanical Sensors for Refined Muscle Strength Assessment. Research. (Wash D. C) 7, 0366. https://doi.org/10.34133/research.0366",Postoperative,Orthopedic surgery,Data-driven & ML,Engineering or technical validation,IV,Yes — 2026-07-29
104,Varrassi,2025,"Varrassi, G., Leoni, M.L.G., Al-Alwany, A.A., Sarzi Puttini, P., Farì, G., 2025. Bioengineering Support in the Assessment and Rehabilitation of Low Back Pain. Bioengineering. (Basel) 12 (9). https://doi.org/10.3390/bioengineering12090900",Postoperative,Orthopedic surgery,Review & framework,Review or conceptual (no primary data),N/A,Yes — 2026-07-29
105,Alparslan,2025,"Alparslan, V., Balcı, S., Gök, A., et al., 2025. Predicting Factors Associated with Extended Hospital Stay After Postoperative ICU Admission in Hip Fracture Patients Using Statistical and Machine Learning Methods: A Retrospective Single-Center Study. Healthcare. (Basel) 13 (19). https://doi.org/10.3390/healthcare13192507",Postoperative,Orthopedic surgery,Data-driven & ML,Retrospective clinical,IV,Yes — 2026-07-29
106,Zhao,2025,"Zhao, Z., Zhang, Z., Jiang, X., Lin, L., Chai, G., Liu, J., 2025. Model experiments on application of oral and maxillofacial surgical robot-assisted mandibular tumor resection and reconstruction. BMC. Oral. Health. https://doi.org/10.1186/s12903-025-07380-6",Intraoperative,CMF & ENT,"Navigation, robotics & XR","Bench, phantom, cadaver or preclinical",IV,Yes — 2026-07-29
107,Aono,2025,"Aono, K., Kawamura, K., Akimitsu, D., et al., 2025. Optimizing inter-joint distances of robotic forceps for vertical needle driving in pediatric surgery: a virtual reality simulator study. Int. J. Comput. Assist. Radiol. Surg 20 (12), 2381-2392. https://doi.org/10.1007/s11548-025-03535-6",Preoperative,Cross-specialty,"Navigation, robotics & XR","Bench, phantom, cadaver or preclinical",IV,Yes — 2026-07-29
108,Haidari,2022,"Haidari, T.A., Bjerrum, F., Grimstrup, S., et al., 2022. The left upper lobe challenge in video-assisted thoracoscopic surgery-use of a composite score to improve the assessment of simulated lobectomy. Eur. J. Cardiothorac. Surg 62 (6). https://doi.org/10.1093/ejcts/ezac465",Preoperative,Cardiothoracic surgery,"Navigation, robotics & XR","Bench, phantom, cadaver or preclinical",IV,Yes — 2026-07-29
109,Hermida,2024,"Hermida, U., van Poppel, M.P.M., Sabry, M., et al., 2024. The onset of coarctation of the aorta before birth: Mechanistic insights from fetal arch anatomy and haemodynamics. Comput. Biol. Med 182, 109077. https://doi.org/10.1016/j.compbiomed.2024.109077",Preoperative,Cardiothoracic surgery,Physics-based simulation,In silico only,V,Yes — 2026-07-29
110,Green,2024,"Green, L., Chan, W.X., Tulzer, A., Tulzer, G., Yap, C.H., 2024. Myocardial biomechanical effects of fetal aortic valvuloplasty. Biomech. Model. Mechanobiol 23 (5), 1433-1448. https://doi.org/10.1007/s10237-024-01848-0",Preoperative,Cardiothoracic surgery,Physics-based simulation,In silico only,V,Yes — 2026-07-29
111,Kim,2025,"Kim, S., Min, K., Lim, C., et al., 2025. Development of a 3D-printed canine cardiac disease model for interventional procedure training. Altern. Lab. Anim 53 (6), 314-325. https://doi.org/10.1177/02611929251388320",Preoperative,Cardiothoracic surgery,"Navigation, robotics & XR","Bench, phantom, cadaver or preclinical",IV,Yes — 2026-07-29
112,Lv,2024,"Lv, R., Yu, H., Guo, X., Zhang, X., Wang, L., Tang, D., 2024. Intravascular Ultrasound Image-Based Finite Element Modeling Approach for Quantifying In Vivo Mechanical Properties of Human Coronary Artery. J Vis Exp. (214). https://doi.org/10.3791/67573",Preoperative,Cardiothoracic surgery,Physics-based simulation,Engineering or technical validation,V,Yes — 2026-07-29
113,Striano,2024,"Striano, B.M., Crawford, A.M., Verhofste, B.P., et al., 2024. Intraoperative navigation increases the projected lifetime cancer risk in patients undergoing surgery for adolescent idiopathic scoliosis. Spine. J 24 (6), 1087-1094. https://doi.org/10.1016/j.spinee.2024.01.007",Intraoperative,Neurosurgery & spine,"Navigation, robotics & XR",Retrospective clinical,IV,Yes — 2026-07-29
114,Yee,2025,"Yee, N.J., Iorio, C., Shkumat, N., Rocos, B., Lebel, D., Camp, M., 2025. “Ultralow-dose” CT Without Sedation in Pediatric Patients With Neuromuscular Scoliosis. J. Pediatr. Orthop 45 (1), e43-e48. https://doi.org/10.1097/BPO.0000000000002786",Intraoperative,Neurosurgery & spine,"Navigation, robotics & XR",Retrospective clinical,IV,Yes — 2026-07-29
115,Bodart,2021,"Bodart, L.E., Ciske, B.R., Le, J., et al., 2021. Technical and clinical study of x-ray-based surface echo probe tracking using an attached fiducial apparatus. Med. Phys 48 (5), 2528-2542. https://doi.org/10.1002/mp.14790",Intraoperative,Cardiothoracic surgery,Registration & tracking,Engineering or technical validation,IV,Yes — 2026-07-29
116,Li,2024,"Li, B., Wei, H., Yan, J., Wang, X., 2024. A novel portable augmented reality surgical navigation system for maxillofacial surgery: technique and accuracy study. Int. J. Oral. Maxillofac. Surg 53 (11), 961-967. https://doi.org/10.1016/j.ijom.2024.02.007",Intraoperative,CMF & ENT,"Navigation, robotics & XR",Engineering or technical validation,IV,Yes — 2026-07-29
117,Siemionow,2020,"Siemionow, K.B., Katchko, K.M., Lewicki, P., Luciano, C.J., 2020. Augmented reality and artificial intelligence-assisted surgical navigation: Technique and cadaveric feasibility study. J. Craniovertebr. Junction. Spine. https://doi.org/10.4103/jcvjs.JCVJS_48_20",Intraoperative,Neurosurgery & spine,"Navigation, robotics & XR","Bench, phantom, cadaver or preclinical",IV,Yes — 2026-07-29
118,Tang,2024,"Tang, Z.N., Hu, L.H., Liu, S., Yu, Y., Zhang, W.B., Peng, X., 2024. [Mixed reality combined with surgical navigation technology assisted in parapharyngeal space tumors surgery: a clinical study]. Zhonghua. Kou. Qiang. Yi. Xue. Za. Zhi 59 (11), 1107-1113. https://doi.org/10.3760/cma.j.cn112144-20240711-00266",Intraoperative,CMF & ENT,"Navigation, robotics & XR",Retrospective clinical,IV,Yes — 2026-07-29
119,Tel,2022,"Tel, A., Murta, F., Sembronio, S., Costa, F., Robiony, M., 2022. Virtual planning and navigation for targeted excision of intraorbital space-occupying lesions: proposal of a computer-guided protocol. Int. J. Oral. Maxillofac. Surg 51 (2), 269-278. https://doi.org/10.1016/j.ijom.2021.07.013",Intraoperative,CMF & ENT,"Navigation, robotics & XR",Retrospective clinical,IV,Yes — 2026-07-29
120,Koutserimpas,2025,"Koutserimpas, C., Andriollo, L., Gregori, P., et al., 2025. Total knee arthroplasty after anterior cruciate ligament reconstruction with the use of image-based robotic technology and functional alignment. SICOT. J 11, 30. https://doi.org/10.1051/sicotj/2025025",Intraoperative,Orthopedic surgery,"Navigation, robotics & XR",Retrospective clinical,IV,Yes — 2026-07-29
121,Galoustian,2026,"Galoustian, N.A., Gettleman, B., Elias, A., et al., 2026. Intraoperative Navigation, 3D Printed Prostheses, and Conventional Techniques in Femoral and Tibial Tumor Resections: A Systematic Review. J. Orthop. Res 44 (1), e70033. https://doi.org/10.1002/jor.70033",Intraoperative,Orthopedic surgery,"Navigation, robotics & XR",Systematic review or meta-analysis,III,Yes — 2026-07-29
122,Jiang,2025,"Jiang, S., Yang, S., Yang, Z., Zhang, D., Luan, Y., Zhou, Z., 2025. A personalized tumor kV-IORT navigation system based on hybrid twin. J. Appl. Clin. Med. Phys 26 (10), e70243. https://doi.org/10.1002/acm2.70243",Intraoperative,Cross-specialty,"Navigation, robotics & XR","Bench, phantom, cadaver or preclinical",IV,Yes — 2026-07-29
123,Youderian,2023,"Youderian, A.R., Greene, A.T., Polakovic, S.V., et al., 2023. Two-year clinical outcomes and complication rates in anatomic and reverse shoulder arthroplasty implanted with Exactech GPS intraoperative navigation. J. Shoulder. Elbow. Surg 32 (12), 2519-2532. https://doi.org/10.1016/j.jse.2023.05.021",Intraoperative,Orthopedic surgery,"Navigation, robotics & XR",Retrospective clinical,IV,Yes — 2026-07-29
124,Marescalchi,2025,"Marescalchi, M., El Motassime, A., Andriollo, L., Polizzi, A., Niccoli, G., Morea, V., 2025. Computer-Assisted Navigation in Shoulder Arthroplasty: A Narrative Review. J. Clin. Med 14 (8). https://doi.org/10.3390/jcm14082763",Intraoperative,Orthopedic surgery,Review & framework,Review or conceptual (no primary data),N/A,Yes — 2026-07-29
125,Blaszczyk,2025,"Blaszczyk, T., Gosheger, G., Wohlmuth, J., Hofbauer, V., 2025. Does Intraoperative Navigation Improve K-Wire Positioning in Reverse Shoulder Arthroplasty?-A New Approach. J. Pers. Med 15 (11). https://doi.org/10.3390/jpm15110509",Intraoperative,Orthopedic surgery,"Navigation, robotics & XR",Retrospective clinical,IV,Yes — 2026-07-29
126,Chui,2024,"Chui, E.C., Mak, K.K., Ng, R.H., et al., 2024. Application of image recognition-based tracker-less augmented reality navigation system in a series of sawbone trials. Arthroplasty 6 (1), 39. https://doi.org/10.1186/s42836-024-00263-1",Intraoperative,Orthopedic surgery,"Navigation, robotics & XR","Bench, phantom, cadaver or preclinical",IV,Yes — 2026-07-29
127,Jeon,2025,"Jeon, J.H., Jeon, H.B., Kim, H., Kang, D.H., 2025. Navigation-guided orbital medial wall fracture reconstruction. Arch. Craniofac. Surg 26 (1), 5-12. https://doi.org/10.7181/acfs.2024.00542",Intraoperative,CMF & ENT,"Navigation, robotics & XR",Retrospective clinical,IV,Yes — 2026-07-29
128,Consorti,2024,"Consorti, G., Monarchi, G., Catarzi, L., 2024. Presurgical Virtual Planning and Intraoperative Navigation with 3D-Preformed Mesh: A New Protocol for Primary Orbital Fracture Reconstruction. Life. (Basel) 14 (4). https://doi.org/10.3390/life14040482",Intraoperative,CMF & ENT,"Navigation, robotics & XR",Retrospective clinical,IV,Yes — 2026-07-29
129,Solbakken,2023,"Solbakken, A.M., Sellevold, S., Spasojevic, M., et al., 2023. Navigation-Assisted Surgery for Locally Advanced Primary and Recurrent Rectal Cancer. Ann. Surg. Oncol 30 (12), 7602-7611. https://doi.org/10.1245/s10434-023-13964-9",Intraoperative,Cross-specialty,"Navigation, robotics & XR",Retrospective clinical,IV,Yes — 2026-07-29
130,Baier,2024,"Baier, J., Selkmann, S., Bender, B., 2024. Simulation of FES on the forearm with muscle-specific activation resolution. Front. Bioeng. Biotechnol 12, 1384617. https://doi.org/10.3389/fbioe.2024.1384617",Postoperative,Orthopedic surgery,Physics-based simulation,In silico only,V,Yes — 2026-07-29
131,van Dartel,2023,"van Dartel, D., Wang, Y., Hegeman, J.H., Vollenbroek-Hutten, M.M.R., 2023. Prediction of Physical Activity Patterns in Older Patients Rehabilitating After Hip Fracture Surgery: Exploratory Study. JMIR. Rehabil. Assist. Technol 10, e45307. https://doi.org/10.2196/45307",Postoperative,Orthopedic surgery,Data-driven & ML,Retrospective clinical,IV,Yes — 2026-07-29
132,Wu,2025,"Wu, W., Guo, Z., Zhu, P., et al., 2025. A novel indicator for predicting functional recovery in elderly hip fracture patients. Front. Med. (Lausanne) 12, 1538038. https://doi.org/10.3389/fmed.2025.1538038",Postoperative,Orthopedic surgery,Data-driven & ML,Retrospective clinical,IV,Yes — 2026-07-29
133,Bai,2024,"Bai, J., Kang, X., Wang, W., et al., 2024. A multimodal model in the prediction of the delivery mode using data from a digital twin-empowered labor monitoring system. Digit. Health 10, 20552076241304934. https://doi.org/10.1177/20552076241304934",Cross-stage,Cross-specialty,Data-driven & ML,Retrospective clinical,IV,Yes — 2026-07-29
134,Kankaya,2024,"Kankaya, E.A., Özer Özlü, N.G., Bilik Ö, 2024. Predictors of frailty after cardiovascular surgery and the relationship between frailty and postoperative recovery: A cross-sectional study. J. Eval. Clin. Pract 30 (8), 1497-1507. https://doi.org/10.1111/jep.14048",Postoperative,Cardiothoracic surgery,Data-driven & ML,Retrospective clinical,IV,Yes — 2026-07-29
135,Pennington,2021,"Pennington, Z., Lubelski, D., Lakomkin, N., et al., 2021. Timing of referral to peripheral nerve specialists in patients with postoperative C5 palsy. J. Clin. Neurosci 92, 169-174. https://doi.org/10.1016/j.jocn.2021.08.007",Postoperative,Neurosurgery & spine,Data-driven & ML,Retrospective clinical,IV,Yes — 2026-07-29
136,Ayyalasomayajula,2025,"Ayyalasomayajula, V., Veen, K.M., Wolterink, J.M., et al., 2025. Artificial intelligence-based decision support systems and their role in vascular surgery and clinical practice. J. Cardiovasc. Surg. (Torino). https://doi.org/10.23736/S0021-9509.25.13491-5",Cross-stage,Cardiothoracic surgery,Review & framework,Review or conceptual (no primary data),N/A,Yes — 2026-07-29
137,Ng,2025,"Ng, J.Y., Tan, E.F., Kemberi, M., et al., 2025. EuroSCORE II: Current limitations and physiological gaps in risk stratification. Exp. Physiol. https://doi.org/10.1113/EP092900",Postoperative,Cardiothoracic surgery,Review & framework,Review or conceptual (no primary data),N/A,Yes — 2026-07-29
138,Lambert,2025,"Lambert, B., Keuning, M.C., Jutte, P.C., Nieboer, P., Huiskes, M., 2025. Scaffolding during surgical procedures: Guidance with baby steps or giant leaps?. Med. Educ. https://doi.org/10.1111/medu.70074",Cross-stage,Cross-specialty,Review & framework,Review or conceptual (no primary data),N/A,Yes — 2026-07-29
139,Watkins,2010,"Watkins, R.G., Gupta, A., Watkins, R.G., 2010. Cost-effectiveness of image-guided spine surgery. Open. Orthop. J 4, 228-233. https://doi.org/10.2174/1874325001004010228",Intraoperative,Neurosurgery & spine,"Navigation, robotics & XR",Prospective clinical,IV,Yes — 2026-07-29
140,Staartjes,2018,"Staartjes, V.E., Klukowska, A.M., Schröder, M.L., 2018. Pedicle screw revision in robot-guided, navigated, and freehand thoracolumbar instrumentation: a systematic review and meta-analysis. World. Neurosurg 116, 433-443. https://doi.org/10.1016/j.wneu.2018.05.018",Intraoperative,Neurosurgery & spine,"Navigation, robotics & XR",Systematic review or meta-analysis,III,Yes — 2026-07-29
141,Douglas,2016,"Douglas, P.S., De Bruyne, B., Pontone, G., et al., 2016. 1-Year Outcomes of FFRCT-Guided Care in Patients With Suspected Coronary Disease: The PLATFORM Study. J. Am. Coll. Cardiol 68 (5), 435-445. https://doi.org/10.1016/j.jacc.2016.05.057",Preoperative,Cardiothoracic surgery,Physics-based simulation,Prospective clinical,II,Yes — 2026-07-29
142,Hlatky,2015,"Hlatky, M.A., De Bruyne, B., Pontone, G., et al., 2015. Quality-of-Life and Economic Outcomes of Assessing Fractional Flow Reserve with Computed Tomography Angiography: PLATFORM. J. Am. Coll. Cardiol 66 (21), 2315-2323. https://doi.org/10.1016/j.jacc.2015.09.051",Preoperative,Cardiothoracic surgery,Physics-based simulation,Prospective clinical,II,Yes — 2026-07-29
143,Hlatky,2023,"Hlatky, M.A., Wilding, S., Stuart, B., Nicholas, Z., et al., 2023. Randomized comparison of chest pain evaluation with FFRCT or standard care: Factors determining US costs. J. Cardiovasc. Comput. Tomogr 17 (1), 52-59. https://doi.org/10.1016/j.jcct.2022.09.005",Preoperative,Cardiothoracic surgery,Physics-based simulation,Prospective clinical,II,Yes — 2026-07-29
144,ASME V&V 40-2018,2018,"ASME V&V 40-2018, 2018. Assessing Credibility of Computational Modeling through Verification and Validation: Application to Medical Devices. American Society of Mechanical Engineers.",Methodology (cross-cutting),Cross-specialty,Standard & guidance,Standard or guidance,N/A,Yes — 2026-07-29
145,U.S. Food and Drug Administration,2023,"U.S. Food and Drug Administration, 2023. Assessing the Credibility of Computational Modeling and Simulation in Medical Device Submissions: Guidance for Industry and FDA Staff. FDA.",Methodology (cross-cutting),Cross-specialty,Standard & guidance,Standard or guidance,N/A,Yes — 2026-07-29
146,Menze,2015,"Menze, B.H., Jakab, A., Bauer, S., Kalpathy-Cramer, J., Farahani, K., Kirby, J., et al., 2015. The Multimodal Brain Tumor Image Segmentation Benchmark (BRATS). IEEE Trans. Med. Imaging 34 (10), 1993-2024. https://doi.org/10.1109/TMI.2014.2377694",Preoperative,Neurosurgery & spine,Dataset & benchmark,Public benchmark or resource,N/A,Yes — 2026-07-29
147,Kavuri,2025,"Kavuri, A., Fryling, M., Felice, N., et al., 2025. An end-to-end CT simulation framework with graphical user interface and sample scanner models. Med. Phys 52 (10), e70066. https://doi.org/10.1002/mp.70066",Preoperative,Cross-specialty,Physics-based simulation,Engineering or technical validation,IV,Yes — 2026-07-29
148,Viceconti,2021,"Viceconti, M., Pappalardo, F., Rodriguez, B., Horner, M., Bischoff, J., Musuamba Tshinanu, F., 2021. In silico trials: Verification, validation and uncertainty quantification of predictive models used in the regulatory evaluation of biomedical products. Methods 185, 120-127. https://doi.org/10.1016/j.ymeth.2020.01.011",Methodology (cross-cutting),Cross-specialty,Standard & guidance,Review or conceptual (no primary data),N/A,Yes — 2026-07-29
149,Zaid,2026,"Zaid, N.R.R., Hardiansyah, D., Yusufaly, T., Rahmim, A., 2026. Verification, Validation, and Uncertainty Quantification (VVUQ) of Physiologically Based Pharmacokinetic Models for Theranostic Digital Twins: Toward Reliable Model-Informed Treatment Planning for Radiopharmaceutical Therapies. PET. Clin 21 (1), 101-115. https://doi.org/10.1016/j.cpet.2025.08.004",Methodology (cross-cutting),Cross-specialty,Standard & guidance,Review or conceptual (no primary data),N/A,Yes — 2026-07-29
150,Di Martino,2014,"Di Martino, A., Yan, C.G., Li, Q., Denio, E., Castellanos, F.X., Alaerts, K., et al., 2014. The autism brain imaging data exchange: towards a large-scale evaluation of the intrinsic brain architecture in autism. Mol. Psychiatry 19 (6), 659-667. https://doi.org/10.1038/mp.2013.78",Preoperative,Neurosurgery & spine,Dataset & benchmark,Public benchmark or resource,N/A,Yes — 2026-07-29
151,Karakasis,2025,"Karakasis, P., Antoniadis, A.P., Theofilis, P., et al., 2025. Digital Twin Models in Atrial Fibrillation: Charting the Future of Precision Therapy?. J. Pers. Med 15 (6). https://doi.org/10.3390/jpm15060256",Cross-stage,Cardiothoracic surgery,Review & framework,Review or conceptual (no primary data),N/A,Yes — 2026-07-29
152,Hu,2025,"Hu, J., Liu, Q., He, W., et al., 2025. Automated machine learning model for predicting anastomotic strictures after esophageal cancer surgery: a retrospective cohort study. Surg. Endosc 39 (6), 3737-3748. https://doi.org/10.1007/s00464-025-11759-5",Postoperative,Cross-specialty,Data-driven & ML,Retrospective clinical,IV,Yes — 2026-07-29
153,International Medical Device Regulators Forum,2017,"International Medical Device Regulators Forum, 2017. Software as a Medical Device (SaMD): Clinical Evaluation. IMDRF/SaMD WG/N41.",Methodology (cross-cutting),Cross-specialty,Standard & guidance,Standard or guidance,N/A,Yes — 2026-07-29
154,Van Essen,2013,"Van Essen, D.C., Smith, S.M., Barch, D.M., Behrens, T.E.J., Yacoub, E., Ugurbil, K.; WU-Minn HCP Consortium, 2013. The WU-Minn Human Connectome Project: an overview. Neuroimage 80, 62-79. https://doi.org/10.1016/j.neuroimage.2013.05.041",Preoperative,Neurosurgery & spine,Dataset & benchmark,Public benchmark or resource,N/A,Yes — 2026-07-29
155,Ma,2022,"Ma, J., Zhang, Y., Gu, S., Zhu, C., Ge, C., Zhang, Y., et al., 2022. AbdomenCT-1K: Is abdominal organ segmentation a solved problem?. IEEE Trans. Pattern. Anal. Mach. Intell 44 (10), 6695-6714. https://doi.org/10.1109/TPAMI.2021.3100536",Preoperative,Cross-specialty,Dataset & benchmark,Public benchmark or resource,N/A,Yes — 2026-07-29
156,Peterfy,2008,"Peterfy, C.G., Schneider, E., Nevitt, M., 2008. The osteoarthritis initiative: report on the design rationale for the magnetic resonance imaging protocol for the knee. Osteoarthritis. Cartilage 16 (12), 1433-1441. https://doi.org/10.1016/j.joca.2008.06.016",Postoperative,Orthopedic surgery,Dataset & benchmark,Public benchmark or resource,N/A,Yes — 2026-07-29
157,Kim,2020,"Kim, D.H., Kim, H.M., Park, J.S., Kim, S.W., 2020. Virtual Reality Haptic Simulator for Endoscopic Sinus and Skull Base Surgeries. J. Craniofac. Surg 31 (6), 1811-1814. https://doi.org/10.1097/SCS.0000000000006395",Preoperative,CMF & ENT,"Navigation, robotics & XR","Bench, phantom, cadaver or preclinical",IV,Yes — 2026-07-29
158,Pasqualini,2025,"Pasqualini, D., Carpegna, G., Alovisi, M., Berutti, E., Chogle, S., 2025. Virtual reality and haptic simulation in modern microsurgical endodontics: Case report and proof of concept. Int. Endod. J. https://doi.org/10.1111/iej.14239",Preoperative,CMF & ENT,"Navigation, robotics & XR","Bench, phantom, cadaver or preclinical",IV,Yes — 2026-07-29
159,European Parliament and Council,2024,"European Parliament and Council, 2024. Regulation (EU) 2024/1689 laying down harmonised rules on artificial intelligence (Artificial Intelligence Act). Off J Eur Union.",Methodology (cross-cutting),Cross-specialty,Standard & guidance,Standard or guidance,N/A,Yes — 2026-07-29
160,U.S. Food and Drug Administration,2024,"U.S. Food and Drug Administration, 2024. Marketing Submission Recommendations for a Predetermined Change Control Plan for Artificial Intelligence-Enabled Device Software Functions: Guidance for Industry and FDA Staff. FDA.",Methodology (cross-cutting),Cross-specialty,Standard & guidance,Standard or guidance,N/A,Yes — 2026-07-29
161,Checcucci,2024,"Checcucci, E., Veccia, A., Puliatti, S., et al., 2024. Metaverse in surgery - origins and future potential. Nat. Rev. Urol. https://doi.org/10.1038/s41585-024-00941-4",Cross-stage,Cross-specialty,Review & framework,Review or conceptual (no primary data),N/A,Yes — 2026-07-29
162,Babarenda Gamage,2023,"Babarenda Gamage, T.P., Elsayed, A., Lin, C., et al., 2023. Vision for the 12 LABOURS Digital Twin Platform. Annu. Int. Conf. IEEE Eng. Med. Biol. Soc. https://doi.org/10.1109/EMBC40787.2023.10341138",Methodology (cross-cutting),Cross-specialty,Review & framework,Review or conceptual (no primary data),N/A,Yes — 2026-07-29
